{
  "i":[
     {"name":"无热方","color":"153103305","desc":""},
     {"name":"发热方","color":"153105343","desc":""},
     {"name":"三黄泄方","color":"153103444","desc":"地天泰泄方"},
     {"name":"三黄补方","color":"153301404","desc":"地天泰补方"},
     {"name":"三黄懒人方","color":"153301444","desc":"三黄+震绿兑白"},
     {"name":"一红方","color":"152103305","desc":"无热+坤红"},
     {"name":"二红方","color":"152101302","desc":""},
     {"name":"三红战斗方","color":"152101322","desc":""},
     {"name":"仙女方","color":"052301412","desc":""},
     {"name":"刀伤","color":"153103343","desc":"发热+兑绿"},
     {"name":"前列腺方","color":"152301322","desc":"三红+震绿"},
     {"name":"素女一","color":"051305402","desc":""},
     {"name":"素女二","color":"054101302","desc":""},
     {"name":"素女三","color":"052301214","desc":""},
     {"name":"补阳还五方","color":"152101422","desc":""},
     {"name":"阴虚头痛","color":"113105353","desc":""},
     {"name":"高热","color":"153103343","desc":"发热+兑绿"},
     {"name":"鼻塞","color":"153303345","desc":"无热+坎黄震绿"},
     {"name":"糖尿病","color":"153103312","desc":"无热+坎白乾红"},
     {"name":"妥瑞氏症","color":"153104304","desc":"抽动症"},     
     {"name":"帕金森症","color":"152103305","desc":"一红+坤黄"},      
     {"name":"皮肤干廯","color":"153303343","desc":""},      
     {"name":"气功方","color":"153301342","desc":""},      
     {"name":"气虚","color":"153301305","desc":"无热+通道"},      
     {"name":"神经病变","color":"153104343","desc":"发热+兑黄"},
     {"name":"失声","color":"153300305","desc":"无热+震绿兑黑"},
     {"name":"湿疹,海鲜过敏","color":"153103344","desc":"无热+乾坎黄"},
     {"name":"唐氏症","color":"153103444","desc":"无热+三黄泄后坎黑"},
     {"name":"特别累","color":"153103322","desc":"无热+乾坎红"},
     {"name":"完全平衡方","color":"153103304","desc":"无热兑绿乾黄"},
     {"name":"转骨方","color":"051305302","desc":"素女一艮绿"},
     {"name":"往来寒热","color":"153103343","desc":"发热+先兑绿后兑白"},
     {"name":"胃寒","color":"153103302","desc":"无热+乾红"},
     {"name":"哮喘","color":"153101305","desc":"无热+兑白后三黄补"},
     {"name":"心梗","color":"153301402","desc":"三黄终极+乾红"},
     {"name":"安眠方","color":"153101303","desc":""},
     {"name":"病毒性感冒","color":"153104343","desc":""},
     {"name":"补阳泄阴方","color":"353303443","desc":""},
     {"name":"大温补方","color":"052005222","desc":"附子方"},
     {"name":"带状疱疹","color":"052304422","desc":""},
     {"name":"督脉无火方","color":"052301402","desc":"素女一+兑白"},
     {"name":"防蚊","color":"153103315","desc":""},
     {"name":"干燥症","color":"153301414","desc":""},
     {"name":"喝酒宿醉二方","color":"052304402","desc":""},
     {"name":"喝酒宿醉一方","color":"153101404","desc":""},
     {"name":"麻醉方","color":"453403340","desc":"三黄三绿乾黑"},
     {"name":"麦粒肿方","color":"113101343","desc":""},
     {"name":"尿裤子","color":"153301422","desc":""},
     {"name":"奇痒方","color":"153301443","desc":""},
     {"name":"乳房硬块","color":"553303304","desc":"浇水种树松土"},
     {"name":"软瘫方","color":"052304402","desc":""},
     {"name":"三伏方","color":"153101301","desc":""},
     {"name":"肾积水方","color":"054101322","desc":"素女二坎红,补肾阳"},
     {"name":"痛风方","color":"153105343","desc":"发热方"},
     {"name":"雾霾方","color":"054103302","desc":""},
     {"name":"真菌感染,尿道炎","color":"153303343","desc":""}
   ],
   "g":[
	{
	       "name":"便秘",
	       "g":[
			{
			 "name":"硬便秘（羊粒便）",
			 "i":[
			    {"name":"便秘1","color":"153101302","desc":""},
			    {"name":"便秘2","color":"115101300","desc":""},
			    {"name":"便秘3","color":"050301300","desc":""}
			 ]
			},
		       
			{
			 "name":"软便秘（肠无力）",
			 "i":[
			    {"name":"便秘1","color":"153103305","desc":""},
			    {"name":"便秘2","color":"153101302","desc":""},
			    {"name":"便秘3","color":"054304302","desc":""}
			 ]
			}
		],
	       "i":[
		   {"name":"老人便秘","color":"153301402","desc":""},
		   {"name":"三黑排便方","color":"053301300","desc":"数日无便"}
	       ]
   	},
   	{
        	"name":"咳嗽",
		"i": [
			{"name":"咳嗽一方", "color":"153103305","desc":"无热+兑绿乾空"},
			{"name":"咳嗽二方", "color":"153101343","desc":"有黄痰"},
			{"name":"咳嗽三方", "color":"054103302","desc":"夜晚咳多"},
			{"name":"咳嗽四方", "color":"054101304","desc":"干咳多"},
			{"name":"深处的痰",  "color":"153302302","desc":"清除深处的痰"},
			{"name":"突发的剧咳","color":"153303402","desc":"突发的剧咳"}
		]
   	},	   
   	{
		"name":"暗疮,痤疮",
		"i": [
		     {"name":"暗疮,痤疮一方", "color":"152101302", "desc":""},
		     {"name":"暗疮,痤疮二方", "color":"154303345", "desc":""}
		]
	 },
   	{
		"name":"高血压",
		"i": [
		     {"name":"收缩压低", "color":"052305402", "desc":"气平血虚"},
		     {"name":"收缩压高", "color":"153101343", "desc":"气实血实"},
		     {"name":"收缩压舒张压都低", "color":"054101302", "desc":"素女二"},
		     {"name":"收缩压舒张压都高", "color":"153105343", "desc":"发热战斗方"},
		     {"name":"舒张压低", "color":"052001402", "desc":"气血两虚"},
		     {"name":"舒张压高", "color":"153301504", "desc":"气虚血虚抗-休息"},
		     {"name":"原发性高血压", "color":"153101301", "desc":""}
		]
	 },
   	{
		"name":"过敏",
		"i": [
		     {"name":"花粉过敏", "color":"153103444", "desc":"三黄泄方"},
		     {"name":"慢性鼻炎", "color":"153304342", "desc":""},
		     {"name":"严重花粉过敏", "color":"153304442", "desc":"艮黄烘热外土"}
		]
	 },
   	{
		"name":"牛皮癣",
		"i": [
		     {"name":"牛皮癣一方", "color":"153303343", "desc":"发热震兑绿"},
		     {"name":"牛皮癣二方", "color":"153303305", "desc":"无热震绿"}
		]
	 },
   	{
		"name":"疼痛",
		"i": [
     		     {"name":"松筋方","color":"154301302","desc":""},
     		     {"name":"扭伤肿","color":"053101345","desc":""},
     		     {"name":"活血化淤方","color":"052304342","desc":""},
     		     {"name":"急性腰扭伤方","color":"054101342","desc":""},
		     {"name":"疼痛一方", "color":"153105343", "desc":""},
		     {"name":"疼痛二方", "color":"052101322", "desc":""},
		     {"name":"疼痛三方", "color":"053303444", "desc":""},
		     {"name":"疼痛四方", "color":"052304422", "desc":""}
		]
	 },
   	{
		"name":"痛经",
		"i": [
     		     {"name":"崩漏方","color":"153303444","desc":""},
		     {"name":"经前痛", "color":"055504322", "desc":"血无力破膜"},
		     {"name":"经中痛一方", "color":"153105343", "desc":"气血无力"},
		     {"name":"经中痛二方", "color":"054105322", "desc":"气血虚"}
		]
	 },
   	{
		"name":"催经",
		"i": [
     		     {"name":"催经一方","color":"152501323","desc":""},
     		     {"name":"催经二方","color":"055104322","desc":""}
		]
	 },
   	{
		"name":"胃病,腹泻",
		"i": [
		     {"name":"病毒性腹泻", "color":"153301443", "desc":""},
		     {"name":"腹泻", "color":"153105344", "desc":"发热乾黄"},
		     {"name":"胃炎", "color":"153101404", "desc":""},
		     {"name":"严重腹泻", "color":"052304402", "desc":"素女一方,用于老人"},
           	     {"name":"积食方","color":"153303300","desc":""}
		]
	 },
   	{
		"name":"胃胀气",
		"i": [
		     {"name":"胃胀气一方", "color":"153105343", "desc":""},
		     {"name":"胃胀气二方", "color":"054101322", "desc":""},
		     {"name":"胃胀气三方", "color":"353303443", "desc":""},
		     {"name":"胃胀气四方", "color":"052304422", "desc":""},
		     {"name":"胃胀气五方", "color":"152104422", "desc":""}
		]
	 },
   	{
		"name":"晕车",
		"i": [
		     {"name":"晕车一方", "color":"153101402", "desc":""},
		     {"name":"晕车二方", "color":"153104402", "desc":""},
		     {"name":"严重晕车", "color":"115104402", "desc":""}
		]
	 }
    ]
}
