{
  "i":[
	{"name":"無熱方","color":"153103305","desc":""},
	{"name":"發熱方","color":"153105343","desc":""},
	{"name":"三黃洩方","color":"153103444","desc":"地天泰洩方"},
	{"name":"三黃補方","color":"153301404","desc":"地天泰補方"},
	{"name":"三黃懶人方","color":"153301444","desc":"三黃+震綠兌白"},
	{"name":"一紅方","color":"152103305","desc":"無熱+坤紅"},
	{"name":"二紅方","color":"152101302","desc":""},
	{"name":"三紅戰斗方","color":"152101322","desc":""},
	{"name":"仙女方","color":"052301412","desc":""},
	{"name":"刀傷","color":"153103343","desc":"發熱+兌綠"},
	{"name":"前列腺方","color":"152301322","desc":"三紅+震綠"},
	{"name":"素女一","color":"051305402","desc":""},
	{"name":"素女二","color":"054101302","desc":""},
	{"name":"素女三","color":"052301214","desc":""},
	{"name":"補陽還五方","color":"152101422","desc":""},
	{"name":"陰虛頭痛","color":"113105353","desc":""},
	{"name":"高熱","color":"153103343","desc":"發熱+兌綠"},
	{"name":"鼻塞","color":"153303345","desc":"無熱+坎黃震綠"},
	{"name":"糖尿病","color":"153103312","desc":"無熱+坎白乾紅"},
	{"name":"妥瑞氏症","color":"153104304","desc":"抽動症"},
	{"name":"帕金森症","color":"152103305","desc":"一紅+坤黃"},
	{"name":"皮膚幹廯","color":"153303343","desc":""},
	{"name":"氣功方","color":"153301342","desc":""},
	{"name":"氣虛","color":"153301305","desc":"無熱+通道"},
	{"name":"神經病變","color":"153104343","desc":"發熱+兌黃"},
	{"name":"失聲","color":"153300305","desc":"無熱+震綠兌黑"},
	{"name":"濕疹,海鮮過敏","color":"153103344","desc":"無熱+乾坎黃"},
	{"name":"唐氏症","color":"153103444","desc":"無熱+三黃洩後坎黑"},
	{"name":"特別累","color":"153103322","desc":"無熱+乾坎紅"},
	{"name":"完全平衡方","color":"153103304","desc":"無熱兌綠乾黃"},
	{"name":"轉骨方","color":"051305302","desc":"素女一艮綠"},
	{"name":"往來寒熱","color":"153103343","desc":"發熱+先兌綠後兌白"},
	{"name":"胃寒","color":"153103302","desc":"無熱+乾紅"},
	{"name":"哮喘","color":"153101305","desc":"無熱+兌白後三黃補"},
	{"name":"心梗","color":"153301402","desc":"三黃終極+乾紅"},
	{"name":"安眠方","color":"153101303","desc":""},
	{"name":"病毒性感冒","color":"153104343","desc":""},
	{"name":"補陽洩陰方","color":"353303443","desc":""},
	{"name":"大溫補方","color":"052005222","desc":"附子方"},
	{"name":"帶狀皰疹","color":"052304422","desc":""},
	{"name":"督脈無火方","color":"052301402","desc":"素女一+兌白"},
	{"name":"防蚊","color":"153103315","desc":""},
	{"name":"乾燥症","color":"153301414","desc":""},
	{"name":"喝酒宿醉二方","color":"052304402","desc":""},
	{"name":"喝酒宿醉一方","color":"153101404","desc":""},
	{"name":"麻醉方","color":"453403340","desc":"三黃三綠乾黑"},
	{"name":"麥粒腫方","color":"113101343","desc":""},
	{"name":"尿褲子","color":"153301422","desc":""},
	{"name":"奇癢方","color":"153301443","desc":""},
	{"name":"乳房硬塊","color":"553303304","desc":"澆水種樹鬆土"},
	{"name":"軟癱方","color":"052304402","desc":""},
	{"name":"三伏方","color":"153101301","desc":""},
	{"name":"腎積水方","color":"054101322","desc":"素女二坎紅,補腎陽"},
	{"name":"痛風方","color":"153105343","desc":"發熱方"},
	{"name":"霧霾方","color":"054103302","desc":""},
	{"name":"真菌感染,尿道炎","color":"153303343","desc":""}
   ],
	"g":[
		{
			"name":"便秘",
			"g":[
				{
					"name":"硬便秘（羊粒便）",
					"i":[
						{"name":"便秘1","color":"153101302","desc":""},
						{"name":"便秘2","color":"115101300","desc":""},
						{"name":"便秘3","color":"050301300","desc":""}
					]
				},
				{
					"name":"軟便秘（腸無力）",
					"i":[
						{"name":"便秘1","color":"153103305","desc":""},
						{"name":"便秘2","color":"153101302","desc":""},
						{"name":"便秘3","color":"054304302","desc":""}
					]
				}
			],
			"i":[
				{"name":"老人便秘","color":"153301402","desc":""},
				{"name":"三黑排便方","color":"053301300","desc":"數日無便"}
			]
		},
		{
			"name":"咳嗽",
			"i": [
				{"name":"咳嗽一方", "color":"153103305","desc":"無熱+兌綠乾空"},
				{"name":"咳嗽二方", "color":"153101343","desc":"有黃痰"},
				{"name":"咳嗽三方", "color":"054103302","desc":"夜晚咳多"},
				{"name":"咳嗽四方", "color":"054101304","desc":"乾咳多"},
				{"name":"深處的痰", "color":"153302302","desc":"清除深處的痰"},
				{"name":"突發的劇咳","color":"153303402","desc":"突發的劇咳"}
			]
		},
		{
			"name":"暗瘡,痤瘡",
			"i": [
				{"name":"暗瘡,痤瘡一方", "color":"152101302", "desc":""},
				{"name":"暗瘡,痤瘡二方", "color":"154303345", "desc":""}
			]
		},
		{
			"name":"高血壓",
			"i": [
				{"name":"收縮壓低", "color":"052305402", "desc":"氣平血虛"},
				{"name":"收縮壓高", "color":"153101343", "desc":"氣實血實"},
				{"name":"收縮壓舒張壓都低", "color":"054101302", "desc":"素女二"},
				{"name":"收縮壓舒張壓都高", "color":"153105343", "desc":"發熱戰斗方"},
				{"name":"舒張壓低", "color":"052001402", "desc":"氣血兩虛"},
				{"name":"舒張壓高", "color":"153301504", "desc":"氣虛血虛抗-休息"},
				{"name":"原發性高血壓", "color":"153101301", "desc":""}
			]
		},
		{
			"name":"過敏",
			"i": [
				{"name":"花粉過敏", "color":"153103444", "desc":"三黃洩方"},
				{"name":"慢性鼻炎", "color":"153304342", "desc":""},
				{"name":"嚴重花粉過敏", "color":"153304442", "desc":"艮黃烘熱外土"}
			]
		},
		{
			"name":"牛皮癬",
			"i": [
				{"name":"牛皮癬一方", "color":"153303343", "desc":"發熱震兌綠"},
				{"name":"牛皮癬二方", "color":"153303305", "desc":"無熱震綠"}
			]
		},
		{
			"name":"疼痛",
			"i": [
				{"name":"松筋方","color":"154301302","desc":""},
				{"name":"扭傷腫","color":"053101345","desc":""},
				{"name":"活血化淤方","color":"052304342","desc":""},
				{"name":"急性腰扭傷方","color":"054101342","desc":""},
				{"name":"疼痛一方", "color":"153105343", "desc":""},
				{"name":"疼痛二方", "color":"052101322", "desc":""},
				{"name":"疼痛三方", "color":"053303444", "desc":""},
				{"name":"疼痛四方", "color":"052304422", "desc":""}
			]
		},
		{
			"name":"痛經",
			"i": [
				{"name":"崩漏方","color":"153303444","desc":""},
				{"name":"經前痛", "color":"055504322", "desc":"血無力破膜"},
				{"name":"經中痛一方", "color":"153105343", "desc":"氣血無力"},
				{"name":"經中痛二方", "color":"054105322", "desc":"氣血虛"}
			]
		},
		{
			"name":"催經",
			"i": [
				{"name":"催經一方","color":"152501323","desc":""},
				{"name":"催經二方","color":"055104322","desc":""}
			]
		},
		{
			"name":"胃病,腹瀉",
			"i": [
				{"name":"病毒性腹瀉", "color":"153301443", "desc":""},
				{"name":"腹瀉", "color":"153105344", "desc":"發熱乾黃"},
				{"name":"胃炎", "color":"153101404", "desc":""},
				{"name":"嚴重腹瀉", "color":"052304402", "desc":"素女一方,用於老人"},
				{"name":"積食方","color":"153303300","desc":""}
			]
		},
		{
			"name":"胃脹氣",
			"i": [
				{"name":"胃脹氣一方", "color":"153105343", "desc":""},
				{"name":"胃脹氣二方", "color":"054101322", "desc":""},
				{"name":"胃脹氣三方", "color":"353303443", "desc":""},
				{"name":"胃脹氣四方", "color":"052304422", "desc":""},
				{"name":"胃脹氣五方", "color":"152104422", "desc":""}
			]
		},
		{
			"name":"暈車",
			"i": [
				{"name":"暈車一方", "color":"153101402", "desc":""},
				{"name":"暈車二方", "color":"153104402", "desc":""},
				{"name":"嚴重暈車", "color":"115104402", "desc":""}
			]
		}
	]
}
